epoch,phase,lr,word_dropout,loss_total,loss_lm,loss_nce,loss_attn,loss_vocab,loss_disc,val_bertscore_f1,best_metric,epoch_time_s,validation_time_s,epoch_wall_time_s
1,1,1.15e-05,0.0000,27.208596,12.704085,4.834837,0.000000,0.464388,0.000000,0.086688,0.086688,52.6,25.7,78.2
2,1,2.38e-05,0.0000,23.357504,9.471153,4.628783,0.000000,0.139654,0.000000,0.112230,0.112230,55.0,26.6,81.6
3,1,3.62e-05,0.0000,21.833936,8.702168,4.377256,0.000000,0.046770,0.000000,0.117690,0.117690,59.4,23.8,83.2
4,1,4.85e-05,0.0000,21.108460,8.513353,4.198369,0.000000,0.036349,0.000000,0.119467,0.119467,56.6,24.6,81.2
5,1,6.08e-05,0.0000,20.315361,8.423498,3.963955,0.000000,0.030782,0.000000,0.121873,0.121873,60.4,26.0,86.4
6,1,7.31e-05,0.0000,19.458294,8.348108,3.703395,0.000000,0.027014,0.000000,0.121829,0.121873,55.4,24.5,79.9
7,1,7.99e-05,0.0000,18.642368,8.300284,3.447361,0.000000,0.024017,0.000000,0.125322,0.125322,59.2,24.6,83.7
8,1,7.93e-05,0.0000,17.765726,8.252965,3.170920,0.000000,0.021631,0.000000,0.124568,0.125322,56.5,24.7,81.1
9,1,7.79e-05,0.0000,16.958862,8.211484,2.915793,0.000000,0.020010,0.000000,0.126092,0.126092,55.8,25.4,81.2
10,1,7.58e-05,0.0000,16.217430,8.187083,2.676782,0.000000,0.018869,0.000000,0.130014,0.130014,55.2,26.7,81.9
11,1,7.32e-05,0.0000,15.537208,8.165895,2.457104,0.000000,0.017962,0.000000,0.128054,0.130014,59.1,24.3,83.4
12,1,6.99e-05,0.0000,14.929483,8.136098,2.264462,0.000000,0.017167,0.000000,0.131648,0.131648,55.7,26.0,81.8
13,1,6.61e-05,0.0000,14.357715,8.116800,2.080305,0.000000,0.016564,0.000000,0.131554,0.131648,54.2,24.9,79.1
14,1,6.18e-05,0.0000,13.920556,8.100794,1.939921,0.000000,0.016065,0.000000,0.131123,0.131648,60.9,25.6,86.5
15,1,5.71e-05,0.0000,13.580348,8.080375,1.833324,0.000000,0.015653,0.000000,0.134390,0.134390,54.6,27.1,81.7
16,1,5.22e-05,0.0000,13.195650,8.051979,1.714557,0.000000,0.015344,0.000000,0.134353,0.134390,54.8,23.9,78.7
17,1,4.70e-05,0.0000,12.857764,8.026789,1.610325,0.000000,0.015095,0.000000,0.135674,0.135674,57.3,24.5,81.8
18,1,4.17e-05,0.0000,12.593849,7.998225,1.531875,0.000000,0.014916,0.000000,0.134427,0.135674,56.9,26.8,83.8
19,1,3.63e-05,0.0000,12.354445,7.952299,1.467382,0.000000,0.014838,0.000000,0.139204,0.139204,57.8,23.7,81.5
20,1,3.11e-05,0.0000,12.004541,7.775316,1.409742,0.000000,0.015158,0.000000,0.141704,0.141704,56.1,24.6,80.8
21,1,2.59e-05,0.0000,11.201500,7.108089,1.364470,0.000000,0.016590,0.000000,0.142860,0.142860,61.5,24.9,86.4
22,1,2.11e-05,0.0000,10.673364,6.694778,1.326195,0.000000,0.017407,0.000000,0.143252,0.143252,60.3,25.7,86.0
23,1,1.66e-05,0.0000,10.382504,6.533301,1.283068,0.000000,0.017406,0.000000,0.144274,0.144274,57.9,25.9,83.8
24,1,1.25e-05,0.0000,10.259024,6.496698,1.254109,0.000000,0.017265,0.000000,0.145820,0.145820,59.8,24.2,84.0
25,1,8.86e-06,0.0000,10.172172,6.476318,1.231951,0.000000,0.017156,0.000000,0.144681,0.145820,54.7,26.7,81.4
26,1,5.80e-06,0.0000,10.028678,6.428425,1.200084,0.000000,0.017013,0.000000,0.146084,0.146084,61.6,23.9,85.4
27,1,3.34e-06,0.0000,9.952666,6.407978,1.181563,0.000000,0.016933,0.000000,0.147190,0.147190,61.3,27.1,88.4
28,1,1.53e-06,0.0000,9.950630,6.428674,1.173985,0.000000,0.016897,0.000000,0.147586,0.147586,57.7,25.2,82.9
29,1,4.14e-07,0.0000,9.904834,6.407564,1.165756,0.000000,0.016897,0.000000,0.147973,0.147973,54.3,24.1,78.4
30,1,2.17e-09,0.0000,9.886392,6.406902,1.159830,0.000000,0.016899,0.000000,0.147995,0.147995,57.9,24.7,82.6
31,2,3.90e-06,0.3500,9.725532,7.377440,0.756727,0.519413,0.016740,1.526247,0.190619,0.190619,77.0,13.2,90.2
32,2,7.80e-06,0.3572,9.505765,7.119059,0.770109,0.509198,0.016198,1.511263,0.228814,0.228814,75.2,12.9,88.1
33,2,1.17e-05,0.3645,9.369801,6.944933,0.782850,0.508781,0.015564,1.570426,0.217306,0.228814,74.6,12.7,87.3
34,2,1.56e-05,0.3717,9.220708,6.776418,0.790340,0.488469,0.014931,1.624604,0.194351,0.228814,75.3,12.8,88.2
35,2,1.95e-05,0.3790,9.086254,6.621228,0.797358,0.486353,0.014476,1.688685,0.194873,0.228814,77.5,12.5,90.0
36,2,2.34e-05,0.3862,8.964660,6.477230,0.804914,0.484591,0.014096,1.800434,0.152617,0.228814,77.2,11.7,89.0
37,2,2.50e-05,0.3935,8.805306,6.303361,0.809491,0.489811,0.013819,1.847555,0.141732,0.228814,74.1,10.7,84.8
38,2,2.50e-05,0.4007,8.636819,6.165325,0.799189,0.492848,0.013555,1.934404,0.154222,0.228814,75.3,11.3,86.6
39,2,2.49e-05,0.4080,8.498122,6.045741,0.792926,0.490687,0.013390,2.009978,0.145256,0.228814,76.6,11.5,88.1
40,2,2.48e-05,0.4152,8.366463,5.930183,0.788151,0.478845,0.013200,2.100886,0.174879,0.228814,76.9,12.6,89.5
41,2,2.47e-05,0.4225,8.230955,5.841079,0.772478,0.482939,0.013004,2.167769,0.175370,0.228814,75.1,12.7,87.8
42,2,2.45e-05,0.4297,8.093290,5.752238,0.755871,0.489587,0.012847,2.229699,0.172662,0.228814,78.3,13.1,91.4
43,2,2.43e-05,0.4370,8.001350,5.681724,0.749236,0.479461,0.012693,2.306023,0.178762,0.228814,78.3,14.1,92.5
44,2,2.41e-05,0.4442,7.906686,5.615503,0.739441,0.485730,0.012520,2.356506,0.181618,0.228814,78.4,13.6,92.0
45,2,2.39e-05,0.4514,7.834177,5.561881,0.733379,0.481053,0.012388,2.420165,0.185015,0.228814,78.1,13.0,91.1
46,2,2.36e-05,0.4587,7.702055,5.499484,0.710848,0.466850,0.012219,2.476449,0.181375,0.228814,79.4,12.5,91.9
47,2,2.33e-05,0.4659,7.643072,5.455857,0.705390,0.473626,0.012085,2.536408,0.198958,0.228814,78.5,14.1,92.7
48,2,2.30e-05,0.4732,7.565077,5.407555,0.695944,0.464602,0.011965,2.577375,0.183533,0.228814,79.4,13.3,92.7
49,2,2.26e-05,0.4804,7.487783,5.365115,0.684221,0.466689,0.011825,2.629007,0.202313,0.228814,78.3,13.3,91.6
50,2,2.22e-05,0.4877,7.402025,5.333564,0.666290,0.463939,0.011720,2.673413,0.193688,0.228814,79.2,12.7,91.9
51,2,2.18e-05,0.4949,7.356001,5.298169,0.662794,0.463007,0.011580,2.709013,0.198852,0.228814,79.0,14.7,93.8
52,2,2.14e-05,0.5022,7.322878,5.272288,0.660389,0.462820,0.011506,2.771863,0.189203,0.228814,78.6,13.3,91.9
53,2,2.10e-05,0.5094,7.251577,5.258460,0.641720,0.453053,0.011415,2.815588,0.205356,0.228814,78.4,13.9,92.3
54,2,2.05e-05,0.5167,7.191426,5.240911,0.627527,0.452886,0.011329,2.853512,0.201322,0.228814,78.7,13.2,91.8
55,2,2.00e-05,0.5239,7.167991,5.225954,0.624445,0.458008,0.011251,2.898015,0.201921,0.228814,80.1,14.4,94.4
56,2,1.95e-05,0.5312,7.119924,5.200281,0.617854,0.440534,0.011149,2.928794,0.201521,0.228814,78.3,13.3,91.6
57,2,1.90e-05,0.5384,7.108343,5.194599,0.615757,0.443144,0.011070,2.966258,0.204472,0.228814,78.8,13.7,92.5
58,2,1.85e-05,0.5457,7.064793,5.182797,0.605389,0.438853,0.011022,2.997661,0.200492,0.228814,78.6,13.7,92.3
59,2,1.79e-05,0.5529,7.033024,5.181011,0.595608,0.434602,0.010940,3.037647,0.194436,0.228814,80.5,13.1,93.6
60,2,1.73e-05,0.5601,7.017544,5.181404,0.590021,0.440516,0.010861,3.080405,0.201351,0.228814,78.4,13.6,91.9
61,2,1.68e-05,0.5674,6.957168,5.177208,0.571269,0.441019,0.010784,3.096784,0.198746,0.228814,78.6,13.3,91.9
62,2,1.62e-05,0.5746,6.942088,5.178982,0.566186,0.430317,0.010729,3.137496,0.198046,0.228814,78.1,14.5,92.7
63,2,1.56e-05,0.5819,6.924103,5.178968,0.560365,0.426934,0.010649,3.163525,0.196486,0.228814,80.4,13.3,93.7
64,2,1.50e-05,0.5891,6.934074,5.187163,0.560649,0.433091,0.010613,3.208172,0.198511,0.228814,78.4,14.0,92.4
65,2,1.43e-05,0.5964,6.922574,5.188466,0.556802,0.424684,0.010543,3.228405,0.193213,0.228814,79.8,13.3,93.1
66,2,1.37e-05,0.6036,6.880609,5.202797,0.538063,0.424144,0.010502,3.264936,0.200003,0.228814,79.6,14.7,94.3
67,2,1.31e-05,0.6109,6.869746,5.200691,0.535054,0.425965,0.010446,3.286389,0.199862,0.228814,79.1,13.6,92.7
68,2,1.25e-05,0.6181,6.874094,5.217075,0.531468,0.417439,0.010407,3.324950,0.202321,0.228814,78.1,13.3,91.4
69,2,1.19e-05,0.6254,6.847555,5.231468,0.517751,0.418891,0.010366,3.356978,0.197535,0.228814,79.4,13.3,92.7
70,2,1.12e-05,0.6326,6.868156,5.239723,0.521997,0.416267,0.010318,3.387825,0.200792,0.228814,79.0,14.3,93.3
71,2,1.06e-05,0.6399,6.882932,5.259926,0.520022,0.419597,0.010263,3.418777,0.195452,0.228814,79.1,13.8,92.9
72,2,1.00e-05,0.6471,6.862820,5.277382,0.507907,0.411455,0.010225,3.450321,0.195551,0.228814,77.9,13.7,91.6
73,2,9.41e-06,0.6543,6.864942,5.290980,0.503879,0.415499,0.010201,3.486815,0.200790,0.228814,83.4,14.3,97.8
74,2,8.81e-06,0.6616,6.893512,5.321810,0.502524,0.427535,0.010161,3.510357,0.199604,0.228814,84.1,17.7,101.9
75,2,8.22e-06,0.6688,6.880582,5.327276,0.497090,0.413574,0.010125,3.530177,0.197926,0.228814,83.9,13.8,97.7
76,2,7.64e-06,0.6761,6.910591,5.350652,0.499191,0.415780,0.010101,3.568307,0.201551,0.228814,84.1,14.3,98.4
77,2,7.08e-06,0.6833,6.916039,5.385430,0.490092,0.402218,0.010060,3.622510,0.200282,0.228814,82.4,15.0,97.4
78,2,6.53e-06,0.6906,6.926990,5.408154,0.485506,0.415454,0.010035,3.647652,0.201106,0.228814,82.9,13.4,96.3
79,2,5.99e-06,0.6978,6.941070,5.428597,0.483291,0.417328,0.010013,3.675554,0.198076,0.228814,78.7,13.7,92.4
80,2,5.47e-06,0.7051,6.955108,5.448596,0.481973,0.403952,0.009993,3.710852,0.197842,0.228814,79.6,13.8,93.5
81,2,4.96e-06,0.7123,6.983128,5.483830,0.479074,0.413827,0.009954,3.747568,0.201989,0.228814,78.7,14.4,93.1
82,2,4.48e-06,0.7196,6.970511,5.505785,0.467777,0.409299,0.009925,3.775469,0.200619,0.228814,78.8,13.5,92.3
83,2,4.01e-06,0.7268,7.029868,5.546072,0.473923,0.413517,0.009918,3.828834,0.198166,0.228814,78.8,14.1,92.9
84,2,3.56e-06,0.7341,7.037474,5.575185,0.466685,0.414882,0.009898,3.863933,0.200845,0.228814,78.1,13.8,91.9
85,2,3.14e-06,0.7413,7.068832,5.605731,0.467169,0.410625,0.009874,3.900780,0.199832,0.228814,78.1,13.9,92.1
86,2,2.74e-06,0.7486,7.082168,5.637473,0.460929,0.412719,0.009866,3.942874,0.199987,0.228814,78.9,14.5,93.5
87,2,2.36e-06,0.7558,7.128898,5.675733,0.463911,0.409540,0.009854,3.988608,0.199299,0.228814,78.9,13.3,92.2
88,2,2.01e-06,0.7630,7.158780,5.698547,0.466237,0.410143,0.009830,4.007940,0.199188,0.228814,79.2,13.9,93.1
89,2,1.69e-06,0.7703,7.185547,5.737064,0.462392,0.408719,0.009825,4.068165,0.198257,0.228814,78.5,14.0,92.5
90,2,1.39e-06,0.7775,7.231593,5.775320,0.465037,0.407739,0.009815,4.102993,0.198904,0.228814,79.6,14.1,93.7
91,2,1.12e-06,0.7848,7.251641,5.819727,0.456954,0.407020,0.009812,4.156697,0.201065,0.228814,78.9,13.3,92.2
92,2,8.75e-07,0.7920,7.270633,5.847322,0.453976,0.409217,0.009811,4.206650,0.200556,0.228814,79.1,13.6,92.7
93,2,6.61e-07,0.7993,7.349373,5.889248,0.466328,0.407614,0.009800,4.244996,0.200787,0.228814,79.6,14.6,94.2
94,2,4.76e-07,0.8065,7.344184,5.929097,0.451752,0.398882,0.009795,4.299643,0.200534,0.228814,79.9,13.5,93.4
95,2,3.21e-07,0.8138,7.378172,5.966459,0.449750,0.416411,0.009794,4.334165,0.200601,0.228814,78.3,15.3,93.6
96,2,1.96e-07,0.8210,7.420653,6.012512,0.449200,0.403609,0.009794,4.391239,0.199844,0.228814,79.9,13.7,93.6
97,2,1.02e-07,0.8283,7.477897,6.043767,0.457590,0.409060,0.009795,4.428415,0.200187,0.228814,80.6,13.7,94.4
98,2,3.78e-08,0.8355,7.480879,6.074028,0.448568,0.407638,0.009787,4.461355,0.200016,0.228814,79.1,13.5,92.6
99,2,4.92e-09,0.8428,7.567070,6.129937,0.459013,0.400628,0.009791,4.535212,0.200101,0.228814,78.6,13.8,92.5
100,2,2.94e-09,0.8500,7.578456,6.164028,0.451056,0.408400,0.009787,4.572433,0.200027,0.228814,78.4,13.8,92.2
